,Cargo Name,Cargo Weight,Transport Distance,Hour,Minutes,Ferry?,Ferry Length,Ferry Cost,Origin City,Origin Country,Origin Company,Destination City,Destination Country,Destiantion Company,Transport Type,Trailer Type,High Value Cargo,Heavy Cargo,Fragile Cargo,ADR Cargo,ADR Class & Type,Special Transport,Price Per KM,Price
0,162,12,2383,33,55,1,60,300,0,3,19,85,0,20,1,4,1,0,0,0,6,0,52.73,126556
1,156,11,2029,28,49,1,60,300,11,3,22,40,10,22,2,3,0,0,0,0,6,0,45.61,93437
2,71,11,2139,30,26,1,60,300,0,3,32,79,10,31,0,5,1,0,0,0,6,0,41.15,88920
3,19,16,1814,26,1,1,60,300,69,0,4,74,3,31,2,3,0,0,0,0,6,0,47.6,87242
4,161,22,2147,29,28,1,60,300,24,3,12,83,7,17,2,3,0,0,0,0,6,0,37.89,82253
5,157,17,1540,22,24,1,60,300,6,11,34,50,3,19,1,8,0,0,1,1,3,0,50.05,77981
6,82,21,1375,20,0,1,60,300,39,3,19,73,0,27,0,8,0,0,0,1,2,0,51.18,75399
7,144,18,2024,29,15,1,60,300,13,6,6,75,3,31,1,3,0,0,0,0,6,0,35.13,72013
8,79,16,1754,25,10,1,60,300,28,5,13,0,3,28,0,3,0,0,1,0,6,0,40.38,71726
9,29,9,1234,17,54,0,0,0,51,4,2,30,0,23,2,4,1,0,1,0,6,0,55.34,69391
10,141,20,1710,23,58,1,60,300,0,3,12,61,5,24,2,3,0,0,0,0,6,0,39.2,67926
11,182,16,1464,20,47,0,0,0,33,11,17,32,12,22,2,3,0,0,0,0,6,0,44.88,66309
12,71,11,1572,22,42,1,60,300,6,11,1,75,3,31,0,5,1,0,0,0,6,0,44.15,65588
13,109,22,2266,37,27,1,60,300,58,0,32,0,3,32,0,4,0,0,0,0,6,0,28.27,63830
14,71,11,1436,21,32,0,0,0,36,4,30,51,10,22,1,5,1,0,0,0,6,0,43.7,63356
15,90,3,1063,15,24,1,60,300,20,5,30,9,3,22,0,5,1,0,1,0,6,0,58.4,62979
16,71,11,1346,18,25,1,60,300,72,12,32,55,3,17,2,5,1,0,0,0,6,0,46.94,62895
17,129,13,1290,18,28,0,0,0,6,11,34,72,9,33,2,4,0,0,1,1,3,0,46.94,61147
18,71,11,1437,19,28,1,60,300,23,12,32,16,3,30,0,5,1,0,0,0,6,0,40.17,58620
19,7,25,1306,18,41,0,0,0,32,0,30,65,4,18,1,5,1,1,0,0,6,0,43.91,57950
20,101,23,930,14,0,0,0,0,69,0,20,36,5,31,1,8,0,0,0,1,2,0,60.75,57096
21,33,18,1472,20,45,1,60,300,19,3,30,84,7,22,2,6,0,0,0,0,6,0,37.84,56596
22,189,14,1640,23,28,1,60,300,59,3,35,47,0,23,2,3,0,0,0,0,6,0,33.78,56307
23,164,9,1273,16,34,0,0,0,68,7,22,86,10,28,1,3,0,0,0,0,6,0,42.48,54674
24,46,19,2101,30,1,1,60,300,70,10,22,16,3,22,2,5,0,0,0,0,6,0,25.11,53663
25,162,12,997,15,1,0,0,0,58,0,28,36,5,17,2,5,1,0,0,0,6,0,53.19,53632
26,36,17,1742,24,50,0,0,0,64,6,6,13,4,17,0,3,0,0,0,0,6,0,30.39,53553
27,51,13,1303,19,1,1,60,300,46,5,6,34,3,29,0,5,1,0,0,0,6,0,40.17,53239
28,133,13,1582,22,13,1,60,300,43,3,17,38,0,23,1,3,0,0,0,0,6,0,32.76,52728
29,202,20,1104,15,55,0,0,0,9,6,30,37,5,29,0,5,1,0,0,0,6,0,47.19,52695
30,134,24,1074,16,38,0,0,0,50,2,28,45,1,17,2,8,0,0,0,1,2,0,48.48,52664
31,77,9,1240,17,0,1,60,300,24,3,19,52,8,28,2,8,0,0,0,1,2,0,41.67,52567
32,68,9,1089,16,1,0,0,0,61,5,17,86,10,28,2,3,0,0,1,1,0,0,47.74,52558
33,60,8,1123,16,11,0,0,0,64,6,17,54,5,25,2,3,0,0,1,0,6,0,46.24,52530
34,183,19,1473,20,56,1,60,300,12,5,22,0,3,28,1,3,0,0,0,0,6,0,34.42,51596
35,202,20,1003,13,40,1,60,300,19,3,30,53,4,29,1,5,1,0,0,0,6,0,50.19,51239
36,99,18,1572,22,51,1,60,300,63,10,12,78,3,22,1,4,0,0,0,0,6,0,31.99,51193
37,135,12,1282,18,22,0,0,0,42,4,30,41,5,22,2,3,0,0,0,0,6,0,39.35,51053
38,117,15,1251,18,33,1,60,300,39,3,19,73,0,23,0,8,0,0,0,1,4,0,40.03,50981
39,166,11,1231,19,0,1,60,300,19,3,30,53,4,29,1,4,1,0,0,0,6,0,50.1,51239
40,209,7,1833,27,40,1,60,300,39,3,27,66,6,29,2,4,0,0,0,0,6,0,26.69,49826
41,202,20,929,14,33,0,0,0,33,11,12,79,10,31,2,4,1,0,0,0,6,0,52.96,49797
42,57,18,1396,20,44,1,60,300,32,0,6,50,3,25,1,3,0,0,0,0,6,0,34.53,49104
43,198,9,1308,19,52,0,0,0,38,10,22,32,12,29,1,3,0,0,0,0,6,0,37.05,49057
44,138,17,1305,18,48,1,60,300,27,5,22,74,3,25,2,3,0,0,0,0,6,0,36.74,48850
45,79,19,1220,17,59,0,0,0,67,7,17,71,5,25,0,3,0,0,1,0,6,0,39.41,48686
46,107,17,1332,20,59,0,0,0,3,12,6,51,10,16,2,6,0,0,0,0,6,0,35.77,48249
47,168,3,1303,18,54,1,60,300,5,3,25,44,5,32,1,5,1,0,0,0,6,0,36.14,47995
48,200,11,1048,14,58,0,0,0,6,11,32,4,12,8,0,5,0,0,0,0,6,0,44.64,47378
49,206,14,844,12,21,0,0,0,63,10,35,38,0,23,0,5,1,0,1,0,6,0,55.06,47074
50,168,3,1279,19,43,0,0,0,70,10,25,57,4,22,1,5,1,0,0,0,6,0,36.14,46827
51,78,10,1168,16,51,0,0,0,13,6,35,28,5,29,2,3,0,0,0,0,6,0,39.6,46771
52,189,14,1582,22,58,1,60,300,19,3,17,30,0,23,0,3,0,0,0,0,6,0,28.95,46694
53,51,13,1142,16,34,0,0,0,72,12,32,80,6,8,0,4,1,0,0,0,6,0,40.17,46470
54,64,20,1005,14,58,0,0,0,54,2,28,72,9,24,2,5,1,0,0,0,6,0,45.6,46432
55,101,23,725,10,30,0,0,0,45,5,34,12,6,19,2,8,0,0,0,1,2,0,63.02,46287
56,65,26,966,12,23,0,0,0,53,10,32,52,8,24,2,5,1,1,0,0,6,0,45.6,46021
57,71,11,1005,14,30,0,0,0,6,11,34,24,5,28,2,5,1,0,0,0,6,0,45.08,45903
58,121,24,1232,19,40,0,0,0,41,8,12,29,10,1,2,5,1,0,0,0,6,0,36.7,45811
59,199,11,1079,16,15,0,0,0,1,9,17,40,10,22,2,5,0,0,0,0,6,0,41.77,45670
60,204,14,1429,20,50,1,60,300,52,3,29,71,5,29,2,2,0,0,0,0,6,0,31.31,45635
61,70,20,1441,20,26,0,0,0,35,1,6,42,11,17,0,3,0,0,0,0,6,0,31.25,45632
62,15,21,1371,20,0,0,0,0,53,10,29,53,4,29,1,6,0,0,0,0,6,0,32.76,45510
63,144,18,1308,18,53,0,0,0,36,4,6,43,10,29,1,3,0,0,0,0,6,0,34.24,45392
64,5,20,1297,19,4,0,0,0,68,7,6,86,10,28,1,3,0,0,0,0,6,0,34.42,45238
65,171,19,1291,19,17,0,0,0,27,5,17,82,7,31,1,3,0,0,0,0,6,0,34.42,45031
66,62,21,1441,21,11,0,0,0,4,10,32,87,12,22,2,3,0,0,0,0,6,0,30.8,44061
67,137,18,1368,19,49,0,0,0,64,6,17,23,5,17,0,3,0,0,0,0,6,0,31.72,43989
68,210,4,1273,18,35,1,60,300,25,3,34,36,5,17,0,4,0,0,0,0,6,0,33.61,43681
69,58,13,962,14,0,0,0,0,6,11,22,4,12,16,2,3,0,0,1,0,6,0,44.64,43547
70,56,8,874,12,57,0,0,0,55,4,28,22,5,31,1,5,1,0,0,0,6,0,48.89,43327
71,153,16,1156,17,55,0,0,0,22,10,6,45,1,28,2,3,0,0,0,0,6,0,36.56,42865
72,69,19,1487,22,5,0,0,0,4,10,35,46,4,29,1,5,0,0,0,0,6,0,28.38,42806
73,213,20,1148,17,18,0,0,0,32,0,6,62,10,9,2,6,0,0,0,0,6,0,36.62,42641
74,107,17,1173,16,40,0,0,0,17,5,29,2,11,28,2,6,0,0,0,0,6,0,35.77,42599
75,73,5,1403,20,19,0,0,0,38,10,7,58,7,4,0,6,0,0,0,0,6,0,29.9,42554
76,132,18,1178,16,6,1,60,300,42,4,30,34,3,9,2,3,0,0,0,0,6,0,35.35,42539
77,29,7,973,14,15,0,0,0,2,5,1,84,7,22,0,4,1,0,1,0,6,0,43.06,42500
78,208,20,1544,24,48,1,60,300,15,3,17,51,10,22,0,3,0,0,0,0,6,0,26.45,42404
79,162,12,803,11,59,0,0,0,50,2,12,37,5,10,2,4,1,0,0,0,6,0,52.03,42330
80,170,20,1137,16,56,0,0,0,1,9,31,64,2,31,2,3,0,0,0,0,6,0,36.5,42102
81,169,8,818,11,30,1,60,300,57,9,25,74,3,31,2,5,1,0,0,0,6,0,50.16,41927
82,3,10,1007,13,57,0,0,0,36,4,30,58,7,0,2,3,0,0,0,0,6,0,40.94,41827
83,139,20,1309,18,42,1,60,300,29,0,7,14,3,16,0,3,0,0,0,0,6,0,30.99,41467
84,62,21,1510,22,40,0,0,0,40,10,14,58,7,5,0,3,0,0,0,0,6,0,27.04,41425
85,71,11,902,13,24,0,0,0,58,0,23,36,5,31,2,5,1,0,0,0,6,0,45.08,41259
86,11,8,1021,15,37,0,0,0,22,10,1,30,0,17,0,5,1,0,0,0,6,0,39.37,40800
87,97,34,1480,21,18,0,0,0,9,6,30,11,1,31,0,5,0,1,0,0,6,0,27.09,40694
88,53,23,801,11,34,1,60,300,25,3,34,72,9,22,0,8,0,0,0,1,2,0,49.74,40744
89,203,14,818,12,51,0,0,0,40,10,17,47,0,23,2,3,0,0,1,0,6,0,49.0,40684
90,110,17,1003,16,1,0,0,0,32,0,15,53,4,30,1,5,0,0,0,0,6,0,36.0,40604
91,160,3,901,13,8,0,0,0,64,6,22,61,5,28,2,6,0,0,1,0,6,0,44.37,40578
92,51,13,874,12,34,0,0,0,23,12,30,69,2,29,2,5,1,0,0,0,6,0,45.08,39997
93,127,21,1028,14,2,0,0,0,10,4,29,58,7,26,1,3,0,0,0,0,6,0,38.09,39754
94,139,20,1263,18,31,0,0,0,38,10,17,46,4,29,0,3,0,0,0,0,6,0,30.99,39841
95,56,8,819,10,39,0,0,0,42,4,28,13,4,17,1,5,1,0,0,0,6,0,47.76,39717
96,68,9,837,12,16,0,0,0,17,5,29,47,0,22,2,3,0,0,1,1,0,0,46.67,39664
97,9,16,1277,17,41,0,0,0,21,0,17,46,4,29,0,6,0,0,0,0,6,0,46.67,39262
98,208,20,1487,22,39,0,0,0,55,4,14,51,10,22,0,3,0,0,0,0,6,0,31.51,39182
99,78,10,1121,16,18,1,60,300,5,3,22,8,5,22,0,3,0,0,0,0,6,0,33.79,38777
100,125,20,1053,15,18,0,0,0,2,5,7,32,12,22,2,6,0,0,0,0,6,0,36.08,38594
101,28,16,1212,17,9,1,60,300,18,5,6,15,3,28,0,3,0,0,0,0,6,0,31.09,38586
102,109,22,1238,17,47,1,60,300,43,3,32,37,5,29,1,4,0,0,0,0,6,0,30.32,38432
103,186,20,902,13,8,0,0,0,57,9,34,59,5,33,2,8,0,0,0,1,5,0,41.86,38358
104,127,21,1084,16,42,0,0,0,22,10,17,73,0,23,0,3,0,0,0,0,6,0,34.43,37925
105,7,25,865,12,45,0,0,0,58,0,25,49,10,22,1,5,1,1,0,0,6,0,42.92,37729
106,49,5,1228,18,38,1,60,300,15,3,17,84,7,22,0,3,0,0,0,0,6,0,29.8,37577
107,209,9,1610,22,24,0,0,0,66,7,27,86,10,22,0,3,0,0,0,0,6,0,22.92,37506
108,113,17,1191,17,57,0,0,0,13,6,35,58,7,5,0,3,0,0,0,0,6,0,30.83,37324
109,143,15,997,14,45,0,0,0,12,5,22,89,0,25,2,3,0,0,0,0,6,0,36.5,36988
110,207,17,1069,15,16,0,0,0,51,4,18,22,5,31,2,3,0,0,0,0,6,0,34.01,36955
111,116,5,689,10,49,0,0,0,27,5,35,76,4,22,2,6,1,0,1,0,6,0,52.75,36947
112,51,13,920,14,9,0,0,0,37,0,24,62,10,32,0,5,1,0,0,0,6,0,39.19,36951
113,175,12,1352,19,20,0,0,0,69,0,29,13,4,17,2,2,0,0,0,0,6,0,26.56,36505
114,186,18,1097,15,57,0,0,0,58,0,24,72,9,33,0,8,0,0,0,1,5,0,32.7,36477
115,124,18,1015,15,4,0,0,0,69,0,4,52,8,15,1,3,0,0,0,0,6,0,35.08,36207
116,159,22,1051,15,21,1,60,300,52,3,6,63,5,9,1,3,0,0,0,0,6,0,33.47,36074
117,51,13,793,11,42,1,60,300,14,5,32,27,3,29,2,5,1,0,0,0,6,0,44.09,35866
118,144,18,1057,16,4,0,0,0,48,10,7,73,0,25,1,3,0,0,0,0,6,0,33.35,35855
119,48,8,1149,16,44,1,60,300,62,3,31,28,5,29,0,3,0,0,0,0,6,0,30.42,35853
120,131,22,1048,16,21,0,0,0,58,0,16,31,10,17,1,6,0,0,0,0,6,0,33.63,35846
121,208,20,1347,19,36,1,60,300,54,2,27,27,3,17,0,3,0,0,0,0,6,0,25.91,35802
122,22,16,1190,17,25,1,60,300,61,5,17,67,3,28,0,3,0,0,0,0,6,0,29.23,35682
123,47,4,981,14,19,0,0,0,32,0,6,70,4,16,1,3,0,0,0,0,6,0,35.75,35670
124,178,21,1072,16,43,1,60,300,5,3,32,37,5,27,0,3,0,0,0,0,6,0,32.32,35545
125,65,26,881,13,6,0,0,0,21,0,32,17,5,22,0,5,1,1,0,0,6,0,39.64,35525
126,199,11,850,12,14,1,60,300,41,8,17,74,3,27,2,5,0,0,0,0,6,0,40.72,35514
127,130,7,664,10,4,0,0,0,2,5,19,72,9,33,2,8,0,0,1,1,1,0,52.38,35379
128,9,16,1025,15,32,0,0,0,31,5,7,85,0,9,1,6,0,0,0,0,6,0,33.86,35302
129,65,26,874,12,49,0,0,0,8,2,17,23,5,17,0,5,1,1,0,0,6,0,39.64,35248
130,11,8,872,12,47,0,0,0,58,0,25,24,5,28,0,5,1,0,0,0,6,0,39.37,34933
131,76,23,709,10,24,0,0,0,2,5,19,38,0,23,0,8,0,0,0,1,2,0,48.36,34890
132,1,19,696,10,32,1,60,300,16,5,19,50,3,24,0,8,0,0,0,1,5,0,48.36,34562
133,54,16,1018,14,58,0,0,0,31,5,22,47,0,23,1,3,0,0,0,0,6,0,33.4,34499
134,37,18,975,14,7,0,0,0,9,6,31,28,5,29,1,3,0,0,0,0,6,0,34.69,34424
135,8,44,658,9,16,1,60,300,51,4,30,74,3,31,2,5,1,1,0,0,6,0,50.73,34282
136,29,10,653,11,9,0,0,0,54,2,26,31,10,17,1,4,1,0,1,0,6,0,53.03,34275
137,155,18,1140,16,53,0,0,0,31,5,22,32,12,22,0,6,0,0,0,0,6,0,29.49,34217
138,152,18,1091,16,37,0,0,0,51,4,18,73,0,23,0,3,0,0,0,0,6,0,30.76,34157
139,170,20,942,13,48,0,0,0,32,0,31,32,12,22,2,2,0,0,0,0,6,0,35.61,34142
140,104,22,928,13,24,0,0,0,13,6,35,59,5,33,2,5,0,0,0,0,6,0,36.01,34012
141,153,16,936,13,54,0,0,0,26,9,6,49,10,22,2,6,0,0,0,0,6,0,35.67,33985
142,36,17,1119,16,16,1,60,300,52,3,6,28,5,29,0,6,0,0,0,0,6,0,29.54,33954
143,144,18,939,13,39,0,0,0,55,4,7,47,0,23,2,3,0,0,0,0,6,0,35.49,33925
144,187,21,1045,15,36,0,0,0,18,5,7,82,7,31,1,3,0,0,0,0,6,0,31.85,33884
145,159,22,1083,17,15,1,60,300,15,3,6,69,2,29,0,3,0,0,0,0,6,0,30.25,33749
146,170,20,928,14,3,0,0,0,71,10,31,1,9,17,2,5,0,0,0,0,6,0,35.61,33644
147,208,20,1263,18,31,0,0,0,38,10,27,46,4,29,0,3,0,0,0,0,6,0,25.91,33326
148,90,3,572,8,8,0,0,0,0,3,29,55,3,17,0,5,1,0,1,0,6,0,57.12,33274
149,62,22,1054,15,27,0,0,0,56,5,27,65,4,29,2,3,0,0,0,0,6,0,30.99,33259
150,89,20,891,13,53,0,0,0,22,10,34,12,6,30,0,8,0,0,0,1,4,0,36.61,33220
151,62,22,1200,19,34,0,0,0,60,4,14,51,10,22,0,3,0,0,0,0,6,0,27.1,33124
152,55,39,738,10,35,1,60,300,57,9,22,6,3,22,0,5,1,1,0,0,6,0,43.64,33104
153,209,9,1322,19,8,0,0,0,32,0,30,13,4,28,1,3,0,0,0,0,6,0,24.58,33098
154,108,61,639,20,16,1,370,995,0,3,29,72,9,22,1,5,1,1,0,0,6,0,49.11,32976
155,146,10,1751,24,59,1,60,300,43,3,34,10,2,8,0,8,0,0,0,1,4,0,18.22,32807
156,52,1,977,14,27,0,0,0,41,8,17,30,0,17,0,6,0,0,0,0,6,0,32.82,32666
157,171,19,899,13,51,0,0,0,32,0,31,51,10,22,2,3,0,0,0,0,6,0,35.67,32664
158,2,11,843,12,25,0,0,0,67,7,17,56,5,22,0,5,1,0,1,0,6,0,37.98,32618
159,96,14,936,14,46,0,0,0,40,10,7,88,5,22,1,6,0,0,0,0,6,0,34.02,32446
160,11,8,71,9,41,0,0,0,0,3,32,6,3,24,2,5,1,0,0,0,6,0,35.75,32412
161,47,4,888,13,7,0,0,0,49,5,7,47,0,23,1,3,0,0,0,0,6,0,35.75,32344
162,79,16,846,12,17,0,0,0,10,4,17,36,5,31,0,3,0,0,1,0,6,0,33.41,32313
163,167,22,949,13,45,0,0,0,68,7,22,64,2,31,1,3,0,0,0,0,6,0,33.41,32306
164,162,12,702,10,2,0,0,0,10,4,19,28,5,29,0,4,1,0,0,0,6,0,45.08,32246
165,74,17,1034,14,57,0,0,0,34,5,7,66,6,29,0,6,0,0,0,0,6,0,30.51,32143
166,208,20,1217,17,40,0,0,0,23,12,27,2,11,28,0,3,0,0,0,0,6,0,25.91,32135
167,43,3,620,9,1,1,60,300,51,4,9,67,3,28,2,3,1,0,1,0,6,0,50.16,32011
168,139,20,1035,15,6,0,0,0,69,7,29,45,1,28,0,3,0,0,0,0,6,0,30.1,31757
169,35,18,656,9,23,0,0,0,25,3,34,0,3,19,1,8,0,0,0,1,1,0,47.48,31747
170,79,16,719,10,51,0,0,0,58,0,23,57,4,22,2,3,0,0,1,0,6,0,43.27,31709
171,123,36,600,5,47,0,0,0,37,0,12,84,7,22,2,5,1,1,0,0,6,0,51.58,31547
172,169,8,703,10,36,1,60,300,39,3,25,23,5,17,0,5,1,0,0,0,6,0,43.45,31446
173,128,10,638,20,12,1,370,995,0,3,19,72,9,33,2,8,0,0,1,1,1,0,46.76,31425
174,221,22,999,14,38,0,0,0,35,1,32,30,0,23,0,3,0,0,0,0,6,0,30.76,31326
175,91,19,752,11,15,0,0,0,28,5,0,47,0,23,1,3,0,0,0,0,6,0,40.7,31209
176,197,18,892,13,46,0,0,0,22,10,17,85,0,28,1,6,0,0,0,0,6,0,34.24,31146
177,111,17,1294,20,43,0,0,0,48,10,32,52,8,24,1,5,0,0,0,0,6,0,23.56,31083
178,8,44,599,9,12,0,0,0,2,5,25,47,0,23,2,5,1,1,0,0,6,0,50.73,30986
179,98,60,456,6,20,0,0,0,52,3,10,21,3,12,0,5,1,1,0,0,6,1,66.51,30948
180,65,26,785,11,49,0,0,0,23,12,32,23,5,17,0,5,1,1,0,0,6,0,38.65,30938
181,187,23,972,14,13,1,60,300,25,3,7,23,5,17,0,8,0,0,0,0,6,0,30.77,30808
182,209,9,1228,17,52,0,0,0,1,9,14,89,0,29,1,3,0,0,0,0,6,0,24.58,30786
183,204,18,843,12,1,0,0,0,42,4,30,20,5,31,1,3,0,0,0,0,6,0,35.77,30755
184,14,12,895,13,17,1,60,300,17,5,7,67,3,28,2,3,0,0,0,0,6,0,33.36,30754
185,223,5,592,9,13,0,0,0,49,5,7,22,5,25,0,0,0,0,0,0,6,0,50.69,30607
186,71,11,785,12,3,0,0,0,13,6,25,73,0,24,0,5,1,0,0,0,6,0,38.2,30588
187,3,10,749,11,5,0,0,0,28,5,30,73,0,23,2,3,0,0,0,0,6,0,39.91,30495
188,175,16,955,14,44,0,0,0,40,10,7,8,5,9,1,3,0,0,0,0,6,0,31.24,30431
189,62,21,968,13,40,1,60,300,39,3,27,32,12,22,2,3,0,0,0,0,6,0,30.05,29987
190,112,11,578,8,23,1,60,300,51,4,2,6,3,22,0,4,1,0,1,0,6,0,50.3,29975
191,208,20,1048,14,1,0,0,0,66,7,27,45,1,28,1,3,0,0,0,0,6,0,27.84,29778
192,109,22,1090,16,59,0,0,0,4,10,32,28,5,29,0,4,0,0,0,0,6,0,26.69,29697
193,151,12,1360,19,58,1,60,300,11,3,31,77,5,27,1,4,0,0,0,0,6,0,21.13,29643
194,204,18,874,12,49,0,0,0,8,2,17,23,5,17,0,3,0,0,0,0,6,0,33.22,29638
195,209,9,1180,17,26,0,0,0,26,9,27,30,0,17,1,3,0,0,0,0,6,0,24.58,29607
196,150,18,1001,14,40,0,0,0,31,5,29,65,4,29,1,3,0,0,0,0,6,0,28.96,29584
197,93,20,906,13,4,1,60,300,62,3,6,1,9,16,0,3,0,0,0,0,6,0,31.51,29449
198,168,3,890,13,15,0,0,0,28,5,28,32,12,32,0,5,1,0,0,0,6,0,32.41,29442
199,162,12,579,8,41,0,0,0,29,0,28,10,2,24,1,5,1,0,0,0,6,0,49.25,29116
200,82,21,482,7,4,0,0,0,69,0,4,18,6,8,2,8,0,0,0,1,2,0,58.84,28959
201,77,9,762,11,13,0,0,0,32,0,15,49,10,22,1,8,0,0,0,1,2,0,37.18,28933
202,204,14,983,14,35,0,0,0,69,0,29,57,4,22,1,2,0,0,0,0,6,0,28.7,28813
203,26,18,842,12,23,0,0,0,29,0,24,23,5,17,2,3,0,0,0,0,6,0,33.5,28809
204,166,11,742,10,52,0,0,0,32,0,31,49,10,22,2,4,0,0,0,0,6,0,38.02,28809
205,77,10,697,11,32,0,0,0,48,10,30,22,5,30,1,8,0,0,0,1,2,0,40.43,28783
206,210,4,790,11,22,1,60,300,52,3,29,52,8,15,1,4,0,0,0,0,6,0,35.15,28666
207,215,15,634,20,0,1,370,995,24,3,28,1,9,17,1,5,1,0,0,0,6,0,42.37,28456
208,208,20,1091,15,36,1,60,300,59,3,27,63,5,31,0,3,0,0,0,0,6,0,35.17,28360
209,209,9,1244,18,59,0,0,0,40,10,14,45,1,28,0,3,0,0,0,0,6,0,22.28,28322
210,3,10,686,9,48,0,0,0,51,4,9,77,5,11,2,3,0,0,0,0,6,0,39.91,27980
211,33,18,752,10,46,1,60,300,5,3,22,72,9,31,2,6,0,0,0,0,6,0,35.99,27962
212,160,3,658,9,34,1,60,300,51,4,11,78,3,22,1,6,0,0,1,0,6,0,41.08,27932
213,164,9,678,9,26,0,0,0,23,12,22,45,1,28,1,3,0,0,0,0,6,0,40.27,27902
214,155,18,819,11,33,1,60,300,57,9,35,74,3,31,2,6,0,0,0,0,6,0,32.87,27818
215,62,21,905,14,50,0,0,0,48,10,27,63,5,31,2,3,0,0,0,0,6,0,30.05,27793
216,153,16,782,11,36,0,0,0,68,7,6,19,4,9,2,6,0,0,0,0,6,0,34.77,27792
217,138,17,777,11,22,0,0,0,8,2,17,84,7,22,2,3,0,0,0,0,6,0,34.95,27753
218,71,11,699,10,23,0,0,0,29,0,31,3,5,19,0,5,1,0,0,0,6,0,38.2,27304
219,209,9,1196,17,24,0,0,0,69,0,27,11,1,31,0,3,0,0,0,0,6,0,22.28,27252
220,62,22,1011,14,42,0,0,0,66,7,27,85,0,3,0,3,0,0,0,0,6,0,26.33,27215
221,183,19,765,12,35,0,0,0,28,5,25,62,10,29,2,3,0,0,0,0,6,0,34.77,27201
222,31,14,741,10,30,0,0,0,54,2,7,18,6,9,2,3,0,0,0,0,6,0,35.81,27136
223,38,16,576,8,7,0,0,0,0,3,19,48,3,19,2,8,0,0,1,1,1,0,45.9,27040
224,60,8,630,8,11,0,0,0,52,3,31,16,3,22,1,3,0,0,1,0,6,0,41.9,26999
225,179,21,924,14,27,0,0,0,37,0,5,31,10,24,0,3,0,0,0,0,6,0,28.56,26985
226,146,10,1484,21,26,0,0,0,9,6,19,11,1,8,0,8,0,0,0,1,4,0,17.71,26888
227,171,19,756,11,13,0,0,0,70,10,31,47,0,23,2,3,0,0,0,0,6,0,34.77,26887
228,208,20,1040,15,20,0,0,0,29,0,31,86,10,22,0,3,0,0,0,0,6,0,25.17,26776
229,159,22,863,12,56,0,0,0,56,5,30,85,0,28,0,3,0,0,0,0,6,0,30.25,26708
230,184,17,764,11,42,0,0,0,38,10,22,63,5,25,1,6,0,0,0,0,6,0,34.09,26644
231,65,26,667,10,13,0,0,0,54,2,28,20,5,32,0,4,1,1,0,0,6,0,38.65,26378
232,202,20,537,7,56,0,0,0,20,5,30,11,1,31,1,5,1,0,0,0,6,0,47.88,26310
233,199,11,672,9,59,0,0,0,61,5,28,72,9,31,1,5,0,0,0,0,6,0,38.21,26276
234,221,21,858,12,55,0,0,0,20,5,32,43,10,8,0,3,0,0,0,0,6,0,29.83,26190
235,169,8,587,9,5,0,0,0,2,5,25,1,9,17,0,5,1,0,0,0,6,0,43.45,26107
236,88,55,383,6,0,0,0,0,55,4,10,76,4,12,0,5,1,1,0,0,6,1,66.51,26103
237,100,23,1063,15,30,0,0,0,63,10,7,4,12,9,0,8,0,0,0,0,6,0,23.94,26051
238,100,23,1050,14,22,1,60,300,5,3,22,19,4,9,0,8,0,0,0,0,6,0,23.64,26039
239,116,5,491,7,34,0,0,0,40,10,17,2,11,28,2,6,1,0,1,0,6,0,51.71,25992
240,29,10,483,7,9,1,60,300,5,3,1,46,4,29,1,4,1,0,1,0,6,0,51.93,25984
241,179,22,800,11,38,0,0,0,28,5,13,65,4,18,1,3,0,0,0,0,6,0,31.7,25964
242,167,17,1086,15,29,0,0,0,50,2,35,4,12,16,0,2,0,0,0,0,6,0,23.34,25946
243,62,22,960,14,6,0,0,0,21,0,35,24,5,28,0,3,0,0,0,0,6,0,26.33,25873
244,145,19,764,11,36,0,0,0,20,5,30,40,10,28,2,3,0,0,0,0,6,0,32.98,25798
245,62,22,957,15,16,0,0,0,14,5,32,31,10,17,0,3,0,0,0,0,6,0,26.33,25796
246,57,18,847,12,25,0,0,0,71,10,6,24,5,28,0,3,0,0,0,0,6,0,29.51,25594
247,7,25,594,8,44,0,0,0,31,5,29,72,9,31,1,5,1,1,0,0,6,0,41.93,25509
248,106,32,842,12,20,0,0,0,58,0,16,53,4,29,0,3,0,1,0,0,6,0,29.56,25486
249,221,22,833,11,25,0,0,0,0,3,32,14,3,8,0,3,0,0,0,0,6,0,29.85,25465
250,68,9,544,7,50,0,0,0,10,4,17,23,5,17,2,3,0,0,1,1,0,0,45.63,25420
251,208,20,981,15,19,0,0,0,66,7,8,20,5,31,0,3,0,0,0,0,6,0,25.17,25290
252,213,20,755,11,55,0,0,0,45,5,7,66,6,29,1,3,0,0,0,0,6,0,32.68,25274
253,88,55,369,6,51,0,0,0,14,5,10,37,5,12,0,5,1,1,0,0,6,1,66.5,25193
254,159,22,756,11,18,0,0,0,66,7,7,73,0,25,1,3,0,0,0,0,6,0,32.57,25225
255,77,9,733,11,13,0,0,0,60,4,31,89,0,30,0,8,0,0,0,1,2,0,33.52,25167
256,63,25,456,6,20,0,0,0,52,3,10,21,3,12,0,5,1,1,0,0,6,1,53.72,25112
257,61,9,898,13,36,0,0,0,7,5,8,73,0,23,0,3,0,0,0,0,6,0,27.23,25054
258,6,9,1133,15,34,1,60,300,43,3,34,76,4,33,2,8,0,0,0,1,4,0,21.2,24919
259,20,21,787,11,41,0,0,0,58,0,16,23,5,17,2,3,0,0,0,0,6,0,30.66,24888
260,62,22,800,12,32,0,0,0,64,6,31,86,10,28,2,3,0,0,0,0,6,0,30.21,24766
261,208,20,863,12,24,0,0,0,42,4,31,23,5,17,1,3,0,0,0,0,6,0,27.84,24627
262,36,17,729,10,45,0,0,0,67,7,17,32,12,22,2,6,0,0,0,0,6,0,32.92,24602
263,27,21,832,11,26,0,0,0,1,9,17,4,12,9,1,3,0,0,0,0,6,0,28.81,24573
264,34,8,1042,15,38,0,0,0,27,5,35,2,11,22,0,2,0,0,0,0,6,0,22.96,24527
265,65,26,610,8,54,1,60,300,19,3,32,45,1,32,0,5,1,1,0,0,6,0,38.65,24474
266,189,14,873,12,58,0,0,0,49,5,35,73,0,23,0,3,0,0,0,0,6,0,27.33,24461
267,155,18,771,11,41,0,0,0,3,12,6,63,5,25,1,6,0,0,0,0,6,0,30.84,24377
268,97,34,895,13,7,0,0,0,28,5,30,30,0,23,0,5,0,1,0,0,6,0,26.31,24149
269,209,7,1089,15,47,0,0,0,58,0,27,13,4,17,0,2,0,0,0,0,6,0,21.6,24118
270,17,19,822,11,47,0,0,0,0,3,29,78,3,22,0,3,0,0,0,0,6,0,28.58,24092
271,21,5,855,13,17,0,0,0,40,10,17,30,0,23,2,2,0,0,0,0,6,0,27.47,24085
272,208,20,932,13,30,0,0,0,67,7,27,40,10,28,0,3,0,0,0,0,6,0,25.17,24058
273,117,15,559,8,54,0,0,0,22,10,34,64,2,19,1,8,0,0,0,1,4,0,41.86,24002
274,37,18,693,10,19,0,0,0,1,9,31,61,5,24,1,3,0,0,0,0,6,0,33.76,23998
275,168,3,674,9,28,0,0,0,29,0,28,57,4,32,1,5,1,0,0,0,6,0,34.52,23864
276,149,18,767,12,1,0,0,0,10,4,17,25,3,16,1,3,0,0,0,0,6,0,29.81,23847
277,137,18,777,11,4,0,0,0,33,11,17,22,5,31,0,3,0,0,0,0,6,0,29.9,23831
278,65,26,598,9,42,0,0,0,70,10,29,18,6,31,0,5,1,1,0,0,6,0,38.65,23711
279,5,20,702,10,13,0,0,0,8,2,17,77,5,11,1,6,0,0,0,0,6,0,32.63,23504
280,120,28,616,17,5,1,60,300,27,5,17,27,3,17,1,5,0,1,0,0,6,0,35.57,23473
281,70,20,776,11,26,0,0,0,38,10,7,73,0,25,0,3,0,0,0,0,6,0,29.46,23460
282,32,21,1364,19,56,1,60,300,37,0,12,75,3,31,0,7,0,0,0,0,6,0,16.49,23391
283,174,14,665,9,31,0,0,0,26,9,7,65,4,29,1,3,0,0,0,0,6,0,34.09,23271
284,16,21,616,10,15,0,0,0,22,10,17,54,5,25,2,2,0,0,1,0,6,0,36.61,23149
285,85,16,799,11,49,0,0,0,50,2,19,37,5,29,0,3,0,0,0,0,6,0,28.14,23083
286,119,4,721,11,1,0,0,0,63,10,35,1,9,17,2,3,0,0,0,0,6,0,30.96,22922
287,48,8,767,10,59,1,60,300,60,4,22,75,3,31,0,3,0,0,0,0,6,0,28.68,22894
288,23,21,814,12,30,0,0,0,4,10,35,71,5,25,0,6,0,0,0,0,6,0,27.19,22734
289,77,9,595,8,25,0,0,0,0,3,29,74,3,31,1,8,0,0,0,1,2,0,37.18,22723
290,210,4,627,9,16,0,0,0,50,2,35,44,5,10,1,4,0,0,0,0,6,0,35.15,22637
291,209,7,1014,15,25,0,0,0,69,0,27,88,5,28,1,2,0,0,0,0,6,0,21.72,22621
292,158,19,524,7,48,0,0,0,20,5,34,73,0,23,0,8,0,0,0,1,5,0,41.5,22344
293,30,9,729,10,48,0,0,0,67,7,7,32,12,25,0,3,0,0,0,0,6,0,29.8,22325
294,26,18,689,10,6,0,0,0,17,5,7,69,2,25,1,3,0,0,0,0,6,0,31.43,22258
295,6,9,1095,16,15,1,60,300,39,3,19,59,5,33,1,8,0,0,0,1,4,0,19.44,22184
296,221,22,650,9,49,0,0,0,58,0,32,10,2,8,1,3,0,0,0,0,6,0,33.12,22125
297,162,12,418,5,39,0,0,0,35,1,29,76,4,33,2,4,1,0,0,0,6,0,50.87,21863
298,29,7,485,7,22,0,0,0,72,12,29,73,0,23,0,4,1,0,1,0,6,0,43.55,21723
299,95,11,623,9,55,0,0,0,38,10,17,37,5,29,2,3,0,0,0,0,6,0,33.21,21589
300,62,22,632,9,35,0,0,0,69,0,27,62,10,29,0,3,0,0,0,0,6,0,25.55,21500
301,75,14,590,9,44,1,60,300,15,3,7,76,4,16,1,6,0,0,0,0,6,0,34.63,21417
302,115,44,321,5,21,0,0,0,54,2,10,61,5,12,0,5,1,1,0,0,6,1,64.76,21413
303,88,55,321,5,21,0,0,0,54,2,10,61,5,12,0,5,1,1,0,0,6,1,64.76,21413
304,65,26,476,7,11,0,0,0,61,5,32,20,5,31,2,5,1,1,0,0,6,0,43.61,21360
305,104,22,591,8,23,0,0,0,59,3,12,0,3,19,2,4,0,0,0,0,6,0,35.1,21343
306,74,17,690,10,20,1,60,300,39,3,22,20,5,16,0,6,0,0,0,0,6,0,29.6,21326
307,59,17,478,6,51,0,0,0,9,6,19,47,0,23,0,3,0,0,1,1,0,0,43.28,21286
308,221,22,693,10,24,0,0,0,34,5,32,30,0,8,0,4,0,0,0,0,6,0,29.85,21285
309,175,16,753,11,38,0,0,0,32,0,7,76,4,22,0,3,0,0,0,0,6,0,27.41,21237
310,94,20,383,6,0,0,0,0,55,4,10,76,4,12,0,5,1,0,0,0,6,1,55.72,21198
311,11,8,546,8,40,0,0,0,60,4,22,37,5,24,0,5,1,0,0,0,6,0,37.4,21019
312,192,15,771,11,2,0,0,0,64,6,22,22,5,31,0,4,0,0,0,0,6,0,26.33,20902
313,65,26,539,8,4,0,0,0,18,5,25,10,2,17,0,5,1,1,0,0,6,0,37.65,20896
314,43,3,467,6,3,0,0,0,25,3,30,75,3,31,0,3,1,0,1,0,6,0,43.28,20811
315,35,18,437,5,56,0,0,0,24,3,34,74,3,15,1,8,0,0,0,1,1,0,46.17,20778
316,171,19,616,8,53,0,0,0,64,6,22,47,0,22,1,3,0,0,0,0,6,0,32.63,20697
317,122,20,653,10,26,0,0,0,55,4,6,61,5,28,0,3,0,0,0,0,6,0,30.78,20697
318,31,14,560,8,21,0,0,0,44,5,7,22,5,31,2,3,0,0,0,0,6,0,35.81,20653
319,208,20,819,11,49,0,0,0,58,0,27,19,4,28,0,3,0,0,0,0,6,0,24.43,20606
320,137,18,669,8,37,0,0,0,39,3,22,33,3,9,0,3,0,0,0,0,6,0,29.9,20603
321,15,21,604,8,49,0,0,0,61,5,17,30,0,17,2,6,0,0,0,0,6,0,33.09,20589
322,62,22,779,11,26,0,0,0,47,5,31,72,9,31,0,3,0,0,0,0,6,0,25.55,20504
323,63,25,369,0,0,0,0,0,14,5,10,37,5,12,0,5,1,1,0,0,6,1,53.72,20464
324,169,8,469,6,53,0,0,0,47,5,25,10,2,17,0,5,1,0,0,0,6,0,42.33,20454
325,0,4,1039,15,12,0,0,0,16,5,19,89,0,30,0,8,0,0,1,1,1,0,19.1,20446
326,189,14,672,9,18,0,0,0,41,8,17,58,7,26,1,3,0,0,0,0,6,0,29.43,20376
327,62,22,774,11,22,0,0,0,47,5,29,58,7,13,0,3,0,0,0,0,6,0,25.55,20375
328,200,11,395,5,33,0,0,0,0,3,32,16,3,22,2,5,0,0,0,0,6,0,49.9,20309
329,61,9,672,10,9,0,0,0,28,5,0,87,12,28,1,3,0,0,0,0,6,0,29.32,20303
330,62,22,771,11,23,0,0,0,44,5,31,85,0,3,0,3,0,0,0,0,6,0,25.55,20300
331,139,20,670,9,54,0,0,0,2,5,7,73,0,23,0,6,0,0,0,0,6,0,29.21,20173
332,83,15,644,10,5,0,0,0,7,5,22,76,4,22,0,6,0,0,0,0,6,0,30.29,20105
333,217,10,484,8,13,0,0,0,22,10,34,3,5,19,2,8,0,0,1,1,3,0,40.14,20027
334,208,20,795,10,42,0,0,0,3,12,14,13,4,28,0,3,0,0,0,0,6,0,24.43,20018
335,28,16,662,9,38,0,0,0,37,0,24,18,6,9,0,3,0,0,0,0,6,0,29.31,20004
336,41,21,740,10,56,0,0,0,72,12,22,85,0,9,0,3,0,0,0,0,6,0,26.19,19979
337,217,10,480,7,18,0,0,0,45,5,34,7,11,33,2,8,0,0,1,1,3,0,40.14,19866
338,65,26,441,5,54,0,0,0,42,4,3,87,12,22,2,5,1,1,0,0,6,0,43.61,19832
339,62,22,626,9,5,1,60,300,19,3,32,52,8,17,2,3,0,0,0,0,6,0,30.21,19809
340,214,17,1054,16,19,0,0,0,50,2,35,57,4,22,1,1,0,0,0,0,6,0,18.22,19805
341,66,17,272,4,26,0,0,0,16,5,19,37,5,27,2,0,0,0,1,1,0,0,70.51,19779
342,215,15,507,6,36,0,0,0,42,4,28,76,4,22,0,5,1,0,0,0,6,0,37.78,19754
343,118,21,680,9,28,0,0,0,33,11,17,30,0,27,1,4,0,0,0,0,6,0,28.16,19746
344,22,16,696,10,14,0,0,0,18,5,7,64,2,16,0,3,0,0,0,0,6,0,27.55,19776
345,208,20,783,11,15,0,0,0,51,4,11,37,5,29,0,3,0,0,0,0,6,0,24.43,19726
346,151,12,873,12,52,0,0,0,37,0,5,71,5,29,2,4,0,0,0,0,6,0,21.9,19721
347,72,18,556,8,14,0,0,0,29,0,7,28,5,16,1,6,0,0,0,0,6,0,34.3,19673
348,119,4,646,9,54,1,60,300,52,3,29,11,1,31,1,3,0,0,0,0,6,0,29.05,19665
349,62,22,745,11,15,0,0,0,9,6,14,68,10,28,0,2,0,0,0,0,6,0,25.55,19635
350,117,7,959,13,55,0,0,0,45,5,34,13,4,19,1,8,0,0,0,1,4,0,19.77,19564
351,173,18,1040,15,19,0,0,0,29,0,7,86,10,22,1,1,0,0,0,0,6,0,18.22,19551
352,71,11,590,7,13,0,0,0,8,2,31,80,6,30,0,5,1,0,0,0,6,0,37.22,19545
353,5,15,719,10,52,0,0,0,61,5,9,35,9,25,2,0,0,0,0,0,6,0,26.34,19539
354,5,20,580,8,42,0,0,0,38,10,17,12,6,29,1,3,0,0,0,0,6,0,32.63,19524
355,62,22,622,9,7,0,0,0,28,5,8,46,4,29,2,2,0,0,0,0,6,0,30.21,19390
356,209,7,938,13,35,1,60,300,59,3,27,24,5,28,0,2,0,0,0,0,6,0,19.63,19313
357,103,13,580,19,30,1,60,300,11,3,22,35,9,25,0,3,0,0,0,0,6,0,30.53,19304
358,111,17,842,12,52,0,0,0,35,1,32,82,7,8,0,4,0,0,0,0,6,0,22.21,19298
359,159,21,655,11,53,0,0,0,65,5,21,31,10,17,0,2,0,0,0,0,6,0,28.47,19248
360,213,20,548,8,30,0,0,0,66,7,35,76,4,16,2,6,0,0,0,0,6,0,33.93,19196
361,118,24,658,9,50,0,0,0,35,1,12,88,5,28,0,4,0,0,0,0,6,0,28.2,19157
362,143,15,535,8,31,0,0,0,13,6,35,30,0,17,2,6,0,0,0,0,6,0,34.66,19145
363,53,25,358,4,57,0,0,0,10,4,19,45,1,32,0,8,0,1,0,1,2,0,51.67,19099
364,202,20,422,6,12,0,0,0,37,0,12,2,11,22,0,4,1,0,0,0,6,0,43.73,19052
365,51,13,426,6,24,0,0,0,32,0,32,38,0,23,2,5,1,0,0,0,6,0,43.11,18964
366,71,11,492,7,24,0,0,0,61,5,32,17,5,15,0,5,1,0,0,0,6,0,37.22,18912
367,104,22,535,8,2,0,0,0,54,2,28,30,0,10,2,5,0,0,0,0,6,0,34.2,18896
368,29,7,388,5,12,0,0,0,51,4,30,52,8,17,1,4,1,0,1,0,6,0,47.12,18882
369,208,20,748,11,11,0,0,0,45,5,14,36,5,31,0,3,0,0,0,0,6,0,24.43,18870
370,111,17,822,12,1,0,0,0,34,5,32,84,7,8,0,4,0,0,0,0,6,0,22.21,18854
371,182,16,517,8,25,0,0,0,30,5,30,11,1,31,0,3,0,0,0,0,6,0,35.0,18697
372,51,13,418,6,38,0,0,0,53,10,32,43,10,29,2,5,1,0,0,0,6,0,43.11,19620
373,162,12,354,5,31,0,0,0,29,0,31,61,5,24,2,5,1,0,0,0,6,0,50.87,18606
374,178,21,532,7,56,0,0,0,20,5,32,1,9,17,1,3,0,0,0,0,6,0,33.84,18602
375,200,11,360,4,40,0,0,0,5,3,32,67,3,8,2,5,0,0,0,0,6,0,49.9,18564
376,184,17,540,8,4,0,0,0,23,12,22,70,4,16,1,3,0,0,0,0,6,0,33.15,18503
377,210,4,490,7,42,0,0,0,20,5,34,3,5,24,2,4,0,0,0,0,6,0,36.49,18482
378,208,20,658,11,44,0,0,0,48,10,27,69,2,29,1,2,0,0,0,0,6,0,27.1,18430
379,209,9,847,12,56,0,0,0,48,10,27,85,0,28,0,3,0,0,0,0,6,0,21.01,18393
380,22,16,644,9,38,0,0,0,31,5,29,45,1,28,0,3,0,0,0,0,6,0,27.55,19344
381,199,11,433,7,38,1,49,384,59,3,28,13,4,28,2,5,0,0,0,0,6,0,39.67,18162
382,5,20,597,8,41,0,0,0,67,7,17,47,0,22,0,2,0,0,0,0,6,0,29.41,18158
383,115,44,271,4,12,0,0,0,37,0,10,10,2,12,0,5,1,1,0,0,6,1,64.75,18148
384,81,12,607,9,5,0,0,0,8,2,6,38,0,23,0,3,0,0,0,0,6,0,28.68,18007
385,178,21,554,8,5,0,0,0,21,0,32,80,6,22,0,3,0,0,0,0,6,0,31.36,17975
386,11,8,464,7,23,0,0,0,48,10,32,40,10,27,0,5,1,0,0,0,6,0,37.39,17951
387,123,36,360,4,40,0,0,0,5,3,32,67,3,28,1,5,1,1,0,0,6,0,47.67,17761
388,167,22,585,9,51,0,0,0,63,10,7,51,10,17,0,3,0,0,0,0,6,0,29.31,17746
389,84,14,580,8,30,0,0,0,69,0,6,61,5,28,0,6,0,0,0,0,6,0,29.51,17713
390,208,20,698,10,37,0,0,0,8,2,31,56,5,31,0,3,0,0,0,0,6,0,24.43,17649
391,69,19,703,10,29,0,0,0,35,1,12,71,5,29,0,5,0,0,0,0,6,0,24.25,17649
392,131,22,535,8,33,0,0,0,13,6,7,30,0,17,1,3,0,0,0,0,6,0,31.84,17633
393,4,17,559,7,49,0,0,0,54,2,30,12,6,16,1,3,0,0,0,0,6,0,30.46,17626
394,92,45,284,4,21,0,0,0,70,10,10,40,10,12,0,5,1,1,0,0,6,1,59.77,17593
395,65,26,451,7,15,0,0,0,63,10,12,86,10,28,0,5,1,1,0,0,6,0,37.65,17582
396,97,34,664,10,17,0,0,0,56,5,30,28,5,29,0,5,0,1,0,0,6,0,25.54,17556
397,200,11,362,5,26,0,0,0,14,5,32,11,1,31,1,5,0,0,0,0,6,0,46.73,17518
398,163,20,578,8,43,0,0,0,9,6,30,49,10,17,0,3,0,0,0,0,6,0,29.26,17513
399,111,17,759,11,10,0,0,0,72,12,32,22,5,8,0,4,0,0,0,0,6,0,22.2,17453
400,18,45,280,4,11,0,0,0,12,5,10,1,9,12,0,5,1,1,0,0,6,1,59.77,17342
401,92,45,280,4,11,0,0,0,12,5,10,1,9,12,0,5,1,1,0,0,6,1,59.77,17342
402,111,17,679,9,3,0,0,0,19,3,32,25,3,24,1,4,0,0,0,0,6,0,24.63,17326
403,209,7,798,11,39,0,0,0,42,4,14,83,7,17,0,2,0,0,0,0,6,0,20.96,17324
404,180,21,1485,21,47,1,60,300,39,3,22,30,0,17,2,1,0,0,0,0,6,0,11.04,17297
405,166,11,481,6,59,0,0,0,9,6,31,47,0,15,1,4,0,0,0,0,6,0,34.69,17287
406,31,14,463,8,10,1,49,384,52,3,7,13,4,17,2,6,0,0,0,0,6,0,34.89,17137
407,89,20,478,6,51,0,0,0,9,6,19,47,0,23,0,8,0,0,0,1,4,0,34.45,17066
408,200,5,643,10,45,0,0,0,48,10,32,2,11,22,2,5,0,0,0,0,6,0,25.6,17064
409,29,7,378,5,43,0,0,0,17,5,29,46,4,29,0,4,1,0,1,0,6,0,43.55,17063
410,173,21,820,11,49,1,60,300,62,3,6,52,8,17,1,7,0,0,0,0,6,0,19.71,17061
411,166,11,441,6,16,0,0,0,62,3,31,16,3,8,2,4,0,0,0,0,6,0,37.04,16934
412,178,21,451,6,22,0,0,0,6,11,32,80,6,17,2,3,0,0,0,0,6,0,36.13,16893
413,172,5,532,6,53,0,0,0,42,4,30,65,4,2,0,3,0,0,0,0,6,0,30.6,16879
414,168,3,455,6,53,0,0,0,21,0,28,69,2,29,2,5,1,0,0,0,6,0,36.65,16822
415,92,45,271,4,12,0,0,0,37,0,10,10,2,12,0,5,1,1,0,0,6,1,59.77,16799
416,105,9,835,12,19,0,0,0,16,5,19,38,0,23,1,8,0,0,0,1,5,0,19.38,16782
417,178,21,530,8,37,0,0,0,34,5,32,40,10,22,0,3,0,0,0,0,6,0,30.41,16716
418,107,17,560,8,8,0,0,0,33,11,17,49,10,17,0,6,0,0,0,0,6,0,28.77,16714
419,16,23,435,7,46,0,0,0,41,8,17,39,5,29,2,8,0,0,1,0,6,0,36.52,16487
420,93,20,481,7,10,0,0,0,21,0,17,61,5,28,1,3,0,0,0,0,6,0,33.0,16471
421,37,18,533,6,50,0,0,0,42,4,31,65,4,29,0,3,0,0,0,0,6,0,29.51,16329
422,98,60,249,3,36,0,0,0,6,11,10,30,0,12,0,5,1,1,0,0,6,1,63.0,16310
423,115,44,249,3,36,0,0,0,6,11,10,30,0,12,0,5,1,1,0,0,6,1,63.0,16310
424,115,44,248,4,28,0,0,0,48,10,10,5,10,12,0,5,1,1,0,0,6,1,63.0,16282
425,7,25,381,5,49,0,0,0,72,12,29,28,5,29,1,5,1,1,0,0,6,0,40.94,16199
426,208,20,575,8,43,0,0,0,28,5,13,11,1,31,1,3,0,0,0,0,6,0,27.1,16180
427,143,15,447,6,15,0,0,0,1,3,29,13,3,28,2,3,0,0,0,0,6,0,34.66,16094
428,223,3,506,7,31,0,0,0,69,0,6,49,10,25,0,3,0,0,0,0,6,0,30.6,16083
429,71,11,359,5,29,0,0,0,17,5,8,35,9,8,2,5,1,0,0,0,6,0,43.11,16076
430,8,44,319,5,24,0,0,0,41,8,25,23,5,17,2,5,1,1,0,0,6,0,48.47,16061
431,148,18,728,10,45,0,0,0,67,7,7,32,12,22,0,2,0,0,0,0,6,0,21.23,16054
432,213,20,426,17,9,1,370,995,57,9,22,25,3,16,2,6,0,0,0,0,6,0,33.93,16050
433,194,14,449,6,42,0,0,0,2,5,19,61,5,30,1,8,0,0,0,1,5,0,31.37,16034
434,191,23,1162,15,56,1,60,300,59,3,28,53,4,2,0,1,0,0,0,0,6,0,12.95,15953
435,186,18,409,7,24,1,49,384,10,4,19,34,3,33,2,8,0,0,0,1,5,0,36.56,15938
436,44,17,835,12,23,0,0,0,41,8,12,47,0,23,0,4,0,0,0,0,6,0,18.36,15927
437,57,18,481,7,50,0,0,0,13,6,6,51,10,16,1,2,0,0,0,0,6,0,31.84,15913
438,113,17,542,8,29,0,0,0,64,6,17,89,0,29,0,2,0,0,0,0,6,0,28.18,15874
439,62,22,596,8,38,0,0,0,67,7,27,47,0,22,0,2,0,0,0,0,6,0,25.55,15827
440,4,17,514,6,53,0,0,0,35,1,7,19,4,9,1,3,0,0,0,0,6,0,29.62,15826
441,209,15,461,6,59,0,0,0,14,5,14,88,5,28,0,0,0,0,0,0,6,0,32.71,15680
442,139,20,532,7,20,0,0,0,51,4,9,1,9,16,0,6,0,0,0,0,6,0,28.32,15668
443,195,16,384,13,36,1,207,960,19,3,17,35,3,25,0,3,0,0,1,0,6,0,26.69,15648
444,62,22,586,7,56,0,0,0,43,3,32,0,3,28,0,3,0,0,0,0,6,0,25.55,15572
445,81,12,537,7,31,0,0,0,60,4,22,72,9,22,0,3,0,0,0,0,6,0,27.81,15532
446,173,21,757,11,6,0,0,0,36,4,7,61,5,28,1,7,0,0,0,0,6,0,19.71,15518
447,62,21,602,8,8,0,0,0,3,12,14,45,1,28,0,2,0,0,0,0,6,0,24.78,15515
448,115,44,236,6,35,0,0,0,24,3,10,0,3,12,0,5,1,1,0,0,6,1,63.0,15513
449,98,60,236,6,35,0,0,0,24,3,10,0,3,12,0,5,1,1,0,0,6,1,63.0,15513
450,36,17,495,7,20,0,0,0,71,10,6,26,5,9,1,6,0,0,0,0,6,0,30.04,15471
451,155,15,553,8,26,0,0,0,44,5,35,36,5,17,2,0,0,0,0,0,6,0,28.89,15469
452,94,20,284,4,21,0,0,0,70,10,10,40,10,12,0,5,1,0,0,0,6,1,52.29,15467
453,214,17,837,12,23,0,0,0,29,0,7,40,10,9,1,1,0,0,0,0,6,0,17.47,15445
454,67,20,434,5,58,0,0,0,60,4,34,11,1,31,1,3,0,0,0,0,6,0,34.0,15354
455,16,23,467,7,27,0,0,0,16,5,17,88,5,22,0,8,0,0,1,0,6,0,31.54,15237
456,115,44,232,3,40,0,0,0,7,5,10,81,5,12,0,5,1,1,0,0,6,1,63.0,15251
457,205,12,469,6,34,0,0,0,25,3,30,78,3,22,1,3,0,0,0,0,6,0,31.1,15185
458,193,21,440,7,45,0,0,0,40,10,17,31,10,17,2,3,0,0,0,0,6,0,33.12,15174
459,204,15,551,8,40,0,0,0,7,5,22,22,5,31,0,0,0,0,0,0,6,0,26.38,15134
460,18,45,249,4,2,0,0,0,45,5,10,73,0,12,0,5,1,1,0,0,6,1,58.15,15126
461,92,45,249,4,2,0,0,0,45,5,10,73,0,12,0,5,1,1,0,0,6,1,58.15,15126
462,98,60,229,4,13,0,0,0,64,6,10,18,6,12,0,5,1,1,0,0,6,1,63.0,15058
463,9,16,451,6,21,0,0,0,21,0,24,2,11,28,1,6,0,0,0,0,6,0,32.04,15052
464,184,17,435,6,7,0,0,0,25,3,30,25,3,16,1,3,0,0,0,0,6,0,33.15,15022
465,146,21,444,7,1,0,0,0,60,4,34,20,5,32,0,8,0,0,0,1,4,0,32.38,14976
466,62,22,488,6,47,0,0,0,33,11,27,85,0,3,2,3,0,0,0,0,6,0,29.43,14964
467,209,9,616,9,1,0,0,0,68,7,22,47,0,22,1,3,0,0,0,0,6,0,23.3,14953
468,122,20,481,7,0,0,0,0,29,0,7,85,0,28,0,3,0,0,0,0,6,0,29.84,14952
469,120,28,388,50,10,0,0,0,51,4,30,52,8,15,2,5,0,1,0,0,6,0,36.93,14930
470,209,9,664,9,39,1,60,300,62,3,14,65,4,29,0,2,0,0,0,0,6,0,21.0,14847
471,144,18,502,7,26,0,0,0,69,0,6,80,6,22,0,3,0,0,0,0,6,0,28.37,14843
472,201,20,334,4,43,0,0,0,66,7,35,32,12,22,0,4,1,0,0,0,6,0,42.57,14818
473,34,4,1030,15,4,1,60,300,19,3,30,77,5,17,2,2,0,0,0,0,6,0,13.51,14818
474,188,12,812,11,59,1,60,300,16,5,17,27,3,29,1,4,0,0,0,0,6,0,17.13,14811
475,122,20,476,6,13,0,0,0,52,3,7,14,3,16,0,3,0,0,0,0,6,0,29.84,14804
476,36,17,521,7,1,0,0,0,35,1,29,19,4,28,0,6,0,0,0,0,6,0,27.0,14667
477,48,8,505,7,32,0,0,0,44,5,31,73,0,23,0,3,0,0,0,0,6,0,27.8,14641
478,168,3,456,6,52,0,0,0,60,4,28,38,0,27,0,5,1,0,0,0,6,0,30.78,14635
479,142,17,362,5,51,0,0,0,7,5,7,3,5,9,2,3,0,0,1,0,6,0,38.39,14497
480,50,18,419,7,14,0,0,0,4,10,6,43,10,29,1,3,0,0,0,0,6,0,33.05,14447
481,8,44,332,5,9,0,0,0,59,3,35,15,3,28,0,5,1,1,0,0,6,0,41.69,14440
482,81,12,492,7,11,0,0,0,69,0,7,18,6,31,0,3,0,0,0,0,6,0,27.8,14279
483,81,12,492,6,45,0,0,0,24,3,7,34,3,29,0,3,0,0,0,0,6,0,27.8,14279
484,186,7,740,11,19,0,0,0,60,4,34,30,0,23,0,8,0,0,1,1,3,0,18.41,14224
485,67,20,445,6,37,0,0,0,21,0,17,64,2,19,0,3,0,0,0,0,6,0,30.55,14195
486,104,22,426,6,38,0,0,0,71,10,28,47,0,22,1,4,0,0,0,0,6,0,32.03,14149
487,13,21,492,6,45,0,0,0,24,3,7,34,3,29,2,3,0,0,0,0,6,0,27.44,14102
488,17,19,487,7,2,0,0,0,1,9,17,65,4,29,0,3,0,0,0,0,6,0,27.71,14095
489,61,9,520,7,14,0,0,0,51,4,33,1,9,28,0,3,0,0,0,0,6,0,25.62,13925
490,139,20,470,7,29,0,0,0,16,5,17,88,5,28,0,3,0,0,0,0,6,0,28.32,13912
491,159,21,432,6,54,0,0,0,48,10,30,40,10,22,1,3,0,0,0,0,6,0,30.72,13870
492,147,18,444,6,39,0,0,0,45,5,7,4,12,16,0,3,0,0,0,0,6,0,29.84,13848
493,92,45,227,3,35,0,0,0,33,11,10,12,5,12,0,5,1,1,0,0,6,1,58.15,13825
494,15,21,484,7,38,0,0,0,21,0,6,69,2,25,0,6,0,0,0,0,6,0,27.14,13735
495,221,21,467,6,28,0,0,0,23,12,32,52,8,24,0,3,0,0,0,0,6,0,28.06,13705
496,209,7,684,10,4,0,0,0,1,9,14,19,4,28,0,2,0,0,0,0,6,0,19.05,13631
497,103,13,439,7,30,0,0,0,54,2,7,49,10,17,0,6,0,0,0,0,6,0,29.6,13595
498,5,20,455,6,22,0,0,0,10,4,29,1,9,16,0,3,0,0,0,0,6,0,28.51,13574
499,80,40,232,3,40,0,0,0,7,5,10,81,5,12,0,5,1,1,0,0,6,1,55.73,13561
500,39,15,393,5,51,0,0,0,61,5,17,38,0,23,2,2,0,0,0,0,6,0,32.97,13558
501,62,22,439,6,2,0,0,0,51,4,33,52,8,17,2,2,0,0,0,0,6,0,29.43,13520
502,62,22,519,7,54,0,0,0,20,5,14,36,5,31,0,2,0,0,0,0,6,0,24.77,13457
503,222,6,239,3,58,1,60,300,15,3,17,65,4,18,0,5,1,0,1,0,6,0,52.37,13416
504,56,8,309,5,12,0,0,0,40,10,17,42,10,17,0,5,1,0,0,0,6,0,41.46,13412
505,80,40,229,4,13,0,0,0,64,6,10,18,6,12,0,5,1,1,0,0,6,1,55.73,13390
506,191,27,856,12,36,0,0,0,42,4,28,73,0,23,0,1,0,1,0,0,6,0,14.87,13330
507,80,40,227,3,35,0,0,0,33,11,10,12,6,12,0,5,1,1,0,0,6,1,55.73,13274
508,177,17,430,6,10,0,0,0,10,4,17,57,4,9,0,3,0,0,0,0,6,0,29.46,13268
509,94,20,248,4,28,0,0,0,48,10,10,5,10,12,0,5,1,0,0,0,6,1,50.89,13267
510,55,39,306,4,31,0,0,0,21,0,28,10,2,24,0,5,1,1,0,0,6,0,41.39,13265
511,144,18,401,6,7,0,0,0,49,5,35,56,5,9,1,3,0,0,0,0,6,0,31.57,13259
512,167,22,373,5,13,0,0,0,10,4,29,72,9,22,2,3,0,0,0,0,6,0,33.76,13192
513,150,11,550,8,45,0,0,0,8,2,31,51,10,22,2,2,0,0,0,0,6,0,22.88,13182
514,113,17,445,6,0,0,0,0,59,3,35,33,3,9,0,3,0,0,0,0,6,0,28.18,13141
515,70,20,358,6,8,0,0,0,53,10,29,51,10,22,2,3,0,0,0,0,6,0,33.93,13088
516,83,15,423,5,33,0,0,0,19,3,17,55,3,17,0,3,0,0,0,0,6,0,29.37,13022
517,209,9,547,8,36,0,0,0,60,4,14,63,5,31,1,3,0,0,0,0,6,0,22.66,12997
518,62,22,445,6,34,0,0,0,54,2,27,28,5,29,1,3,0,0,0,0,6,0,27.57,12868
519,8,44,294,4,29,0,0,0,8,2,25,30,0,17,0,5,1,1,0,0,6,0,41.69,12857
520,104,22,358,5,41,0,0,0,61,5,28,20,5,27,2,4,0,0,0,0,6,0,34.2,12843
521,148,20,540,8,54,0,0,0,47,5,29,57,4,9,0,2,0,0,0,0,6,0,22.64,12826
522,114,7,339,5,22,0,0,0,27,5,17,39,5,29,0,3,0,0,1,0,6,0,35.99,12801
523,118,24,446,7,5,0,0,0,4,10,12,40,10,27,0,4,0,0,0,0,6,0,27.34,12794
524,71,11,325,6,3,1,49,384,10,4,19,6,3,32,0,5,1,0,0,0,6,0,36.23,12759
525,116,5,273,4,30,0,0,0,29,0,24,87,12,28,0,6,1,0,1,0,6,0,44.45,12736
526,141,20,364,5,7,0,0,0,33,11,12,43,10,29,1,3,0,0,0,0,6,0,33.2,12686
527,123,36,284,4,5,0,0,0,6,11,32,40,10,28,0,5,1,1,0,0,6,0,42.38,12637
528,186,9,640,9,8,0,0,0,0,3,19,34,3,33,2,8,0,0,0,1,5,0,18.76,12608
529,62,21,487,7,2,1,60,300,55,4,14,75,3,31,0,3,0,0,0,0,6,0,24.02,12598
530,150,12,758,7,46,1,49,384,62,3,31,13,4,28,2,2,0,0,0,0,6,0,25.17,12510
531,98,60,187,2,48,0,0,0,2,5,10,79,10,12,0,5,1,1,0,0,6,1,62.99,12390
532,166,11,376,5,43,0,0,0,47,5,25,47,0,22,0,4,0,0,0,0,6,0,31.17,12323
533,102,15,445,6,41,0,0,0,61,5,17,39,5,29,0,0,0,0,0,0,6,0,26.33,12319
534,65,26,275,4,36,0,0,0,58,0,28,89,0,32,2,5,1,1,0,0,6,0,42.61,12319
535,170,20,325,15,51,1,370,995,11,3,31,72,9,24,2,3,0,0,0,0,6,0,32.93,12297
536,62,22,397,6,2,0,0,0,53,10,14,5,10,31,2,3,0,0,0,0,6,0,29.43,12283
537,150,18,426,6,17,0,0,0,64,6,31,85,7,28,1,3,0,0,0,0,6,0,27.41,12276
538,38,8,548,8,5,0,0,0,50,2,19,3,5,19,1,8,0,0,1,1,1,0,21.21,12222
539,5,20,363,5,59,0,0,0,18,5,6,63,5,25,1,3,0,0,0,0,6,0,31.73,12119
540,38,18,224,14,15,1,370,995,57,9,34,55,3,33,2,8,0,0,1,1,1,0,46.58,12029
541,62,21,458,7,46,1,49,384,62,3,14,13,4,17,0,3,0,0,0,0,6,0,24.02,11985
542,151,12,627,9,23,0,0,0,38,10,17,47,0,7,0,4,0,0,0,0,6,0,18.06,11923
543,113,17,401,6,31,0,0,0,34,10,7,81,5,21,0,3,0,0,0,0,6,0,28.18,11901
544,10,24,268,4,3,0,0,0,21,0,24,73,0,23,2,3,0,0,0,0,6,0,41.86,11819
545,209,9,548,8,7,0,0,0,68,7,14,30,0,23,0,3,0,0,0,0,6,0,20.37,11761
546,184,17,323,4,38,0,0,0,54,2,30,64,2,16,2,3,0,0,0,0,6,0,34.46,11731
547,43,3,248,3,33,0,0,0,33,11,17,2,11,22,1,3,1,0,1,0,6,0,44.85,11724
548,220,4,1124,16,33,0,0,0,53,10,32,46,4,29,1,7,0,0,0,0,6,0,9.87,11698
549,208,20,420,6,57,0,0,0,70,10,31,42,11,17,1,3,0,0,0,0,6,0,26.35,11669
550,155,18,323,15,46,1,370,995,11,3,6,72,9,22,2,6,0,0,0,0,6,0,31.17,11663
551,62,22,365,5,40,1,60,300,51,4,11,50,3,22,2,3,0,0,0,0,6,0,29.43,11641
552,156,11,328,5,16,0,0,0,30,5,30,36,5,17,0,3,0,0,0,0,6,0,33.63,11631
553,221,21,393,7,9,0,0,0,4,10,32,31,10,8,0,3,0,0,0,0,6,0,28.06,11628
554,209,7,577,8,59,0,0,0,53,10,14,88,5,28,0,2,0,0,0,0,6,0,19.05,11593
555,209,9,539,9,21,0,0,0,33,10,17,5,10,31,0,3,0,0,0,0,6,0,20.37,11578
556,107,17,340,5,0,0,0,0,6,11,22,89,0,25,2,6,0,0,0,0,6,0,32.27,11571
557,103,13,370,5,28,0,0,0,32,0,30,83,7,25,0,6,0,0,0,0,6,0,29.3,11553
558,100,27,415,6,16,0,0,0,67,7,17,38,0,23,0,8,0,1,0,0,6,0,26.28,11507
559,197,18,346,5,21,0,0,0,31,5,7,63,5,25,1,6,0,0,0,0,6,0,31.5,11498
560,92,45,187,2,48,0,0,0,2,5,10,79,10,12,0,5,1,1,0,0,6,1,58.15,11484
561,210,4,327,4,22,0,0,0,59,3,12,27,3,17,1,4,0,0,0,0,6,0,32.22,11462
562,87,21,677,0,8,0,0,0,28,5,28,87,12,22,1,1,0,0,0,0,6,0,16.01,11440
563,140,22,733,10,46,0,0,0,21,0,28,49,10,17,1,1,0,0,0,0,6,0,14.78,11433
564,109,22,390,13,41,1,207,960,19,3,32,35,9,8,0,4,0,0,0,0,6,0,25.12,11356
565,209,9,474,7,2,0,0,0,45,5,14,84,7,22,1,3,0,0,0,0,6,0,22.66,11343
566,122,23,306,6,8,1,49,384,55,4,6,21,3,17,0,8,0,0,0,0,6,0,33.7,11297
567,40,21,678,9,26,0,0,0,23,12,22,45,1,28,2,1,0,0,0,0,6,0,15.75,11279
568,133,23,338,5,14,0,0,0,8,2,17,73,0,23,2,3,0,0,0,0,6,0,31.56,11267
569,184,17,308,4,53,0,0,0,1,9,29,24,5,28,2,3,0,0,0,0,6,0,34.45,11212
570,138,7,320,4,37,0,0,0,69,0,6,2,11,22,2,3,0,0,0,0,6,0,33.14,11205
571,212,20,382,7,0,1,49,384,57,9,35,21,3,17,0,5,0,0,0,0,6,0,26.75,11202
572,205,9,435,6,38,0,0,0,9,6,30,40,10,22,1,2,0,0,0,0,6,0,24.29,11167
573,208,20,446,5,53,0,0,0,62,3,14,21,3,17,0,3,0,0,0,0,6,0,23.68,11163
574,69,19,447,6,34,0,0,0,50,2,12,12,6,29,0,5,0,0,0,0,6,0,23.52,11112
575,34,8,486,6,53,1,0,0,1,9,17,57,4,22,0,2,0,0,0,0,6,0,21.61,11101
576,5,9,782,12,7,0,0,0,4,10,35,22,5,25,0,2,0,0,0,0,6,0,13.37,11053
577,40,21,782,12,3,0,0,0,4,10,35,22,5,31,0,1,0,0,0,0,6,0,13.32,11019
578,124,7,783,12,1,0,0,0,69,0,4,5,10,15,1,2,0,0,0,0,6,0,13.3,11016
579,215,15,240,5,4,1,49,384,10,4,17,27,3,29,2,5,1,0,0,0,6,0,41.76,11007
580,136,27,313,4,45,0,0,0,32,0,7,73,0,23,0,8,0,1,0,0,6,0,33.24,11004
581,77,9,268,4,26,1,60,300,36,4,31,50,3,22,2,8,0,0,0,1,2,0,37.59,10973
582,134,23,265,4,4,0,0,0,20,5,30,20,5,32,1,8,0,0,0,1,2,0,39.11,10965
583,140,22,697,10,17,0,0,0,16,5,17,69,2,29,1,1,0,0,0,0,6,0,14.78,10901
584,209,9,502,7,43,0,0,0,56,5,27,39,5,29,0,3,0,0,0,0,6,0,20.37,11825
585,52,2,194,3,5,0,0,0,27,5,17,71,5,29,1,0,0,0,0,0,6,0,52.08,10704
586,151,12,558,8,15,0,0,0,44,5,31,1,9,28,1,4,0,0,0,0,6,0,18.06,10676
587,190,22,728,11,6,0,0,0,28,5,25,73,0,23,0,1,0,0,0,0,6,0,13.47,10676
588,103,13,349,5,16,0,0,0,13,6,7,2,11,9,0,6,0,0,0,0,6,0,48.67,10607
589,87,21,622,10,18,0,0,0,54,2,28,86,10,22,1,1,0,0,0,0,6,0,16.01,10559
590,209,3,1014,13,57,0,0,0,51,4,33,38,0,23,0,2,0,0,0,0,6,0,9.81,10552
591,48,8,331,5,8,0,0,0,37,0,5,69,2,29,1,3,0,0,0,0,6,0,30.07,10552
592,132,18,359,5,18,0,0,0,37,0,22,38,0,23,0,3,0,0,0,0,6,0,25.57,10496
593,45,18,452,6,39,0,0,0,37,0,12,77,5,17,2,4,0,0,0,0,6,0,21.89,10496
594,209,9,436,6,45,0,0,0,67,7,27,82,7,31,1,3,0,0,0,0,6,0,22.67,10482
595,180,26,869,12,45,0,0,0,42,4,31,73,0,23,0,1,0,1,0,0,6,0,11.44,10473
596,28,7,727,10,47,0,0,0,72,12,22,30,0,17,0,2,0,0,0,0,6,0,13.32,10285
597,178,21,275,4,13,0,0,0,8,2,17,30,0,17,2,3,0,0,0,0,6,0,34.17,10272
598,209,3,984,14,24,0,0,0,56,5,27,30,0,23,0,2,0,0,0,0,6,0,9.81,10257
599,77,10,241,4,24,0,0,0,40,10,22,5,10,8,2,8,0,0,0,1,2,0,39.77,10185
600,115,44,152,2,26,0,0,0,59,3,10,6,3,12,0,5,1,1,0,0,6,1,62.99,10177
601,208,20,404,5,15,0,0,0,42,4,14,57,4,22,0,3,0,0,0,0,6,0,23.68,10167
602,62,22,299,15,22,1,30,995,43,3,8,1,9,28,2,3,0,0,0,0,6,0,28.65,10162
603,135,12,281,4,15,0,0,0,1,9,29,20,5,31,1,3,0,0,0,0,6,0,33.19,9927
604,196,16,315,4,14,0,0,0,15,3,17,6,3,1,0,3,0,0,0,0,6,0,29.5,9892
605,208,20,351,6,8,0,0,0,69,0,27,66,6,29,1,3,0,0,0,0,6,0,26.35,9850
606,173,21,481,7,17,0,0,0,47,5,6,23,5,17,1,7,0,0,0,0,6,0,19.16,98118
607,105,9,489,6,43,0,0,0,24,3,34,34,3,33,1,8,0,0,0,1,4,0,18.85,9816
608,62,22,321,4,15,0,0,0,5,3,32,21,3,17,2,3,0,0,0,0,6,0,28.65,9798
609,0,4,502,6,31,0,0,0,24,3,34,6,3,24,0,8,0,0,1,1,1,0,18.14,9708
610,11,8,228,14,20,1,370,995,43,3,32,72,9,22,0,5,1,0,0,0,6,0,35.43,9672
611,113,17,332,5,5,0,0,0,16,5,17,56,5,31,0,3,0,0,0,0,6,0,27.3,9662
612,176,21,499,8,12,0,0,0,28,5,25,52,8,15,1,7,0,0,0,0,6,0,17.97,9566
613,16,27,219,3,25,0,0,0,58,0,16,38,0,23,2,8,0,1,1,0,6,0,40.92,9561
614,209,7,483,6,18,0,0,0,62,3,22,27,3,17,0,2,0,0,0,0,6,0,18.47,9522
615,6,9,484,8,13,0,0,0,22,10,34,3,5,19,1,8,0,0,0,1,4,0,18.4,9505
616,209,7,480,7,6,0,0,0,68,7,14,89,0,29,0,2,0,0,0,0,6,0,18.47,9465
617,85,16,279,3,45,0,0,0,39,3,19,74,3,15,2,3,0,0,0,0,6,0,31.55,9403
618,208,20,369,6,26,0,0,0,20,5,14,52,8,17,0,3,0,0,0,0,6,0,23.68,9338
619,86,15,247,4,24,1,60,300,15,3,17,65,4,14,2,3,0,0,0,0,6,0,30.68,9306
620,7,25,222,3,29,0,0,0,58,0,25,38,0,27,1,5,1,1,0,0,6,0,28.97,9251
621,89,10,447,6,33,0,0,0,50,2,19,12,6,30,1,8,0,0,0,1,4,0,19.16,9166
622,89,10,495,7,48,0,0,0,60,4,34,23,5,19,0,8,0,0,0,1,4,0,17.22,9126
623,24,18,296,4,39,0,0,0,47,5,29,44,5,9,2,0,0,0,0,0,6,0,28.76,9120
624,42,21,326,4,55,0,0,0,64,6,17,2,11,22,0,3,0,0,0,0,6,0,26.11,9112
625,92,45,145,2,40,0,0,0,41,8,10,45,1,12,0,5,1,1,0,0,6,1,58.14,9039
626,18,45,145,2,40,0,0,0,41,8,10,45,1,12,0,5,1,1,0,0,6,1,58.14,9039
627,72,18,258,3,47,0,0,0,57,9,35,35,9,25,1,6,0,0,0,0,6,0,34.42,8965
628,11,8,235,3,36,0,0,0,8,2,6,69,2,27,0,5,1,0,0,0,6,0,35.42,8924
629,13,21,360,5,36,0,0,0,49,5,7,88,5,28,0,3,0,0,0,0,6,0,23.1,8915
630,220,4,956,14,56,0,0,0,61,5,32,66,6,8,0,7,0,0,0,0,6,0,8.69,8911
631,219,6,956,13,54,0,0,0,72,12,32,79,10,31,1,1,0,0,0,0,6,0,8.65,8873
632,87,21,524,7,19,0,0,0,62,3,22,60,3,24,1,1,0,0,0,0,6,0,15.57,8760
633,209,7,439,6,26,0,0,0,9,6,14,64,2,31,0,2,0,0,0,0,6,0,18.47,8708
634,209,7,397,6,4,0,0,0,49,5,27,28,5,29,0,2,0,0,0,0,6,0,20.3,8666
635,208,20,347,5,6,0,0,0,32,0,27,10,2,17,0,3,0,0,0,0,6,0,22.94,8559
636,5,9,595,8,49,0,0,0,37,0,22,43,10,29,0,2,0,0,0,0,6,0,13.37,8553
637,191,23,651,9,34,0,0,0,21,0,28,43,10,24,0,1,0,0,0,0,6,0,12.21,8549
638,132,18,223,14,17,1,370,995,43,3,17,72,9,31,2,3,0,0,0,0,6,0,31.02,8512
639,216,10,316,4,51,0,0,0,1,9,17,8,5,22,2,4,0,0,0,0,6,0,25.03,8510
640,62,22,246,14,33,1,370,995,1,9,14,34,3,29,2,3,0,0,0,0,6,0,27.88,8453
641,40,26,506,6,34,0,0,0,42,4,28,76,4,30,0,1,0,1,0,0,6,0,15.5,8443
642,99,18,261,4,22,0,0,0,4,10,12,49,10,17,2,4,0,0,0,0,6,0,29.88,8399
643,94,20,152,2,26,0,0,0,59,3,10,6,3,12,0,5,1,0,0,0,6,1,50.88,8336
644,223,3,237,3,20,0,0,0,3,12,6,76,4,16,1,6,0,0,0,0,6,0,32.13,8215
645,26,18,246,4,28,0,0,0,48,10,7,5,10,31,2,6,0,0,0,0,6,0,30.91,8205
646,173,21,392,6,4,0,0,0,2,5,6,49,10,22,1,7,0,0,0,0,6,0,19.16,8112
647,94,20,147,2,3,0,0,0,39,3,10,27,3,12,0,5,1,0,0,0,6,1,50.87,8097
648,63,25,147,2,3,0,0,0,39,3,10,27,3,12,0,5,1,1,0,0,6,1,50.87,8097
649,211,4,563,8,36,0,0,0,49,5,7,61,5,28,2,2,0,0,0,0,6,0,13.31,8092
650,81,12,238,3,48,0,0,0,21,0,6,89,0,25,2,3,0,0,0,0,6,0,31.29,8046
651,40,21,517,7,40,0,0,0,60,4,28,59,5,33,1,1,0,0,0,0,6,0,14.37,8030
652,208,20,290,4,27,0,0,0,26,9,27,36,5,17,1,3,0,0,0,0,6,0,25.61,8027
653,209,3,666,9,24,1,60,300,55,4,14,6,3,22,1,2,0,0,0,0,6,0,20.57,7938
654,62,22,255,4,40,0,0,0,48,10,32,5,10,31,2,3,0,0,0,0,6,0,28.65,7906
655,21,5,343,5,39,0,0,0,27,5,35,23,5,17,0,2,0,0,0,0,6,0,21.27,7896
656,208,20,284,3,53,0,0,0,51,4,33,46,4,29,1,3,0,0,0,0,6,0,25.61,7873
657,208,20,371,5,45,0,0,0,40,10,14,62,10,29,0,3,0,0,0,0,6,0,22.94,7871
658,56,8,178,3,17,0,0,0,28,10,28,8,5,22,0,5,1,0,0,0,6,0,40.33,7779
659,208,20,279,4,10,0,0,0,50,2,14,2,11,28,1,3,0,0,0,0,6,0,25.61,7745
660,209,7,334,5,2,0,0,0,3,12,14,56,5,31,2,2,0,0,0,0,6,0,21.36,7735
661,194,14,205,2,50,0,0,0,43,3,34,16,3,30,2,8,0,0,0,1,5,0,34.76,7726
662,187,21,249,3,46,0,0,0,70,10,22,40,10,22,1,3,0,0,0,0,6,0,28.45,7684
663,150,11,326,15,53,1,370,995,11,3,31,72,9,31,0,2,0,0,0,0,6,0,18.65,7675
664,69,21,282,3,44,0,0,0,59,3,12,50,3,22,0,5,0,0,0,0,6,0,25.0,7649
665,25,21,250,3,41,0,0,0,72,12,22,32,12,29,1,3,0,0,0,0,6,0,28.16,7640
666,69,21,281,4,0,0,0,0,41,8,17,46,4,29,0,5,0,0,0,0,6,0,25.0,7624
667,154,3,250,3,40,0,0,0,72,12,29,32,12,29,2,3,0,0,0,0,6,0,28.08,7621
668,139,20,218,3,26,0,0,0,61,5,9,87,12,22,2,3,0,0,0,0,6,0,31.87,7548
669,185,7,387,5,35,0,0,0,6,11,34,73,0,23,0,8,0,0,1,1,3,0,17.94,7542
670,37,18,209,2,56,0,0,0,60,4,31,87,12,22,2,3,0,0,0,0,6,0,33.21,7541
671,147,18,218,3,47,0,0,0,71,10,7,49,10,9,1,3,0,0,0,0,6,0,31.33,7430
672,16,21,233,3,6,0,0,0,43,3,17,60,3,25,0,2,0,0,1,0,6,0,29.26,7418
673,12,18,354,5,28,0,0,0,26,9,7,24,5,28,1,7,0,0,0,0,6,0,19.17,7385
674,209,3,598,9,11,0,0,0,32,0,27,18,6,31,2,2,0,0,0,0,6,0,11.26,7334
675,73,5,234,3,21,0,0,0,25,3,7,6,3,22,1,3,0,0,0,0,6,0,28.7,7315
676,220,4,858,12,49,0,0,0,35,1,32,68,10,28,0,1,0,0,0,0,6,0,7.82,7313
677,62,22,221,4,46,1,49,384,19,3,17,13,4,28,2,3,0,0,0,0,6,0,27.87,7143
678,166,11,223,3,37,0,0,0,57,9,34,46,4,29,0,4,0,0,0,0,6,0,29.22,7116
679,99,18,224,3,29,0,0,0,33,11,12,12,6,29,2,5,0,0,0,0,6,0,29.07,7111
680,140,22,501,7,35,0,0,0,23,12,30,38,0,23,0,1,0,0,0,0,6,0,12.92,7071
681,180,21,728,40,34,0,0,0,64,6,31,49,10,22,0,1,0,0,0,0,6,0,8.88,7065
682,220,4,850,12,46,0,0,0,21,0,17,82,7,31,0,1,0,0,0,0,6,0,7.59,7054
683,150,11,306,4,49,0,0,0,36,4,31,1,9,17,1,2,0,0,0,0,6,0,20.82,6970
684,28,15,249,4,4,1,60,300,51,4,18,21,3,9,0,2,0,0,0,0,6,0,24.21,6929
685,171,19,211,3,20,0,0,0,51,4,30,46,4,29,1,3,0,0,0,0,6,0,29.94,6917
686,15,21,246,3,47,0,0,0,7,5,6,88,5,9,0,6,0,0,0,0,6,0,25.44,6858
687,209,9,317,4,39,0,0,0,9,6,14,85,0,28,0,3,0,0,0,0,6,0,19.73,6853
688,194,14,179,2,25,0,0,0,24,3,34,16,3,30,2,8,0,0,0,1,5,0,34.75,6820
689,40,21,403,6,12,0,0,0,14,5,28,72,9,22,2,1,0,0,0,0,6,0,15.34,6784
690,191,23,518,7,52,0,0,0,61,5,28,47,0,23,0,1,0,0,0,0,6,0,11.84,6733
691,5,18,225,4,12,0,0,0,30,5,30,24,5,28,1,2,0,0,0,0,6,0,27.22,6725
692,126,3,223,14,14,1,370,995,57,9,34,55,3,10,2,8,0,0,1,1,1,0,22.47,6605
693,209,7,253,4,16,0,0,0,38,10,27,5,10,31,2,2,0,0,0,0,6,0,23.5,6545
694,15,21,229,3,6,0,0,0,55,4,7,52,8,17,0,6,0,0,0,0,6,0,25.44,7426
695,70,20,216,3,1,0,0,0,3,12,7,76,4,22,0,3,0,0,0,0,6,0,26.77,6382
696,214,17,335,4,43,0,0,0,66,7,35,53,4,29,1,1,0,0,0,0,6,0,16.76,6215
697,208,20,248,3,34,0,0,0,33,11,27,2,11,22,0,3,0,0,0,0,6,0,22.19,6104
698,176,25,257,4,14,0,0,0,58,0,28,73,0,23,1,1,0,1,0,0,6,0,20.95,5984
699,180,21,622,10,20,0,0,0,37,0,12,68,10,28,0,1,0,0,0,0,6,0,8.88,6123
700,12,16,287,5,56,1,49,384,15,3,6,70,4,9,1,1,0,0,0,0,6,0,16.76,5794
701,178,21,181,3,9,0,0,0,48,10,32,86,10,28,0,3,0,0,0,0,6,0,28.5,5759
702,180,21,570,8,33,0,0,0,14,5,35,87,12,28,0,1,0,0,0,0,6,0,8.88,5662
703,148,20,236,3,30,0,0,0,23,12,30,87,12,22,0,2,0,0,0,0,6,0,21.22,5608
704,56,8,121,1,47,0,0,0,59,3,28,34,3,29,0,5,1,0,0,0,6,0,40.32,5479
705,111,17,239,3,31,0,0,0,0,3,32,25,3,24,0,4,0,0,0,0,6,0,20.18,5422
706,209,7,248,3,34,0,0,0,33,11,27,2,11,22,1,2,0,0,0,0,6,0,19.39,5409
707,173,21,245,3,48,0,0,0,7,5,7,88,5,22,2,7,0,0,0,0,6,0,19.38,5348
708,209,9,246,4,24,0,0,0,38,10,27,51,10,22,0,3,0,0,0,0,6,0,19.08,5295
709,122,23,128,2,7,0,0,0,14,5,35,63,5,31,1,8,0,0,0,0,6,0,36.53,5276
710,193,21,146,2,21,0,0,0,49,5,35,8,5,9,2,3,0,0,0,0,6,0,31.37,5180
711,219,6,545,8,5,0,0,0,34,5,32,47,0,23,1,1,0,0,0,0,6,0,8.19,5064
712,12,18,246,3,55,0,0,0,21,0,6,47,0,22,1,7,0,0,0,0,6,0,18.08,5048
713,176,23,228,3,44,0,0,0,14,5,28,45,0,15,2,1,0,0,0,0,6,0,19.38,5018
714,40,26,291,4,17,0,0,0,21,0,28,10,2,30,0,1,0,1,0,0,6,0,15.01,4968
715,156,11,133,2,3,0,0,0,58,0,24,47,0,22,0,3,0,0,0,0,6,0,32.54,4928
716,171,19,121,3,27,1,49,384,36,4,31,21,3,17,2,3,0,0,0,0,6,0,32.07,4865
717,12,18,230,3,34,0,0,0,7,5,22,20,5,31,1,7,0,0,0,0,6,0,18.09,4760
718,219,6,406,13,56,1,207,960,19,3,32,63,5,8,0,1,0,0,0,0,6,0,7.36,4548
719,165,21,129,9,59,1,207,960,19,3,17,72,9,31,0,4,0,0,0,0,6,0,23.06,4535
720,219,6,476,7,11,0,0,0,61,5,32,20,5,31,1,1,0,0,0,0,6,0,8.19,4498
721,62,22,137,2,14,0,0,0,50,2,14,43,10,29,2,3,0,0,0,0,6,0,27.88,4419
722,216,10,137,10,7,1,207,960,57,9,22,27,3,17,0,4,0,0,0,0,6,0,20.28,4339
723,218,9,157,2,49,0,0,0,31,5,22,36,5,17,2,5,0,0,0,0,6,0,23.75,4328
724,181,13,135,2,1,0,0,0,69,0,7,7,11,22,1,3,0,0,0,0,6,0,27.45,4306
725,21,2,347,5,6,0,0,0,32,0,30,10,2,17,0,2,0,0,0,0,6,0,10.6,4290
726,14,12,115,2,2,0,0,0,66,7,6,58,7,4,2,3,0,0,0,0,6,0,29.99,4049
727,100,23,163,2,13,0,0,0,19,3,30,50,3,22,0,8,0,0,0,0,6,0,21.11,4041
728,219,6,303,15,26,1,370,995,43,3,32,1,9,28,1,1,0,0,0,0,6,0,7.95,4005
729,220,4,413,6,30,0,0,0,20,5,32,22,5,31,0,7,0,0,0,0,6,0,8.18,3977
730,219,6,404,6,18,0,0,0,30,5,30,3,5,8,1,1,0,0,0,0,6,0,8.19,3909
731,220,4,418,5,28,0,0,0,43,3,32,27,3,29,0,1,0,0,0,0,6,0,7.36,3675
732,87,21,209,3,59,0,0,0,71,10,28,68,10,28,0,1,0,0,0,0,6,0,13.11,3340
733,168,3,80,1,17,0,0,0,57,9,35,1,9,28,2,5,1,0,0,0,6,0,34.0,3320
734,175,13,126,2,15,0,0,0,66,7,35,58,7,6,0,2,0,0,0,0,6,0,21.34,3289
735,178,15,133,2,14,0,0,0,14,5,32,63,5,8,0,0,0,0,0,0,6,0,19.86,3241
736,220,4,278,4,15,0,0,0,21,0,24,10,2,17,2,7,0,0,0,0,6,0,9.46,3229
737,219,6,246,3,49,0,0,0,28,5,30,3,5,8,1,1,0,0,0,0,6,0,7.72,2500
738,220,4,191,3,1,0,0,0,32,0,32,89,0,29,2,1,0,0,0,0,6,0,8.28,2181
739,211,9,43,1,1,0,0,0,12,5,22,24,5,9,1,2,0,0,0,0,6,0,22.88,1584
